{
  "final_return_ma": 24.299999237060547,
  "strength": 2.4399993419647217,
  "max_strength": 36.13999938964844,
  "final_strength": 0.1399993896484375,
  "sample_efficiency": 0.01642863266170025,
  "training_efficiency": 0.0005990613135509193,
  "stability": -1.8029685020446777
}