{
  "final_return_ma": 29.299999237060547,
  "strength": 7.439999580383301,
  "max_strength": 30.139999389648438,
  "final_strength": 6.1399993896484375,
  "sample_efficiency": 0.004988070577383041,
  "training_efficiency": 0.00017303071217611432,
  "stability": -0.3184882402420044
}