{
  "final_return_ma": 125.30000305175781,
  "strength": 103.44000244140625,
  "max_strength": 178.13999938964844,
  "final_strength": 178.13999938964844,
  "sample_efficiency": 0.00030543984030373394,
  "training_efficiency": 7.796335921739228e-06,
  "stability": 0.5690561234951019
}