{
  "final_return_ma": 122.19999694824219,
  "strength": 100.34000396728516,
  "max_strength": 155.13999938964844,
  "final_strength": 143.13999938964844,
  "sample_efficiency": 0.00018197664758190513,
  "training_efficiency": 4.590591288433643e-06,
  "stability": 0.8047102093696594
}