{
  "final_return_ma": 159.3000030517578,
  "strength": 137.44000244140625,
  "max_strength": 178.13999938964844,
  "final_strength": 145.13999938964844,
  "sample_efficiency": 0.00028897469746880233,
  "training_efficiency": 7.343414836213924e-06,
  "stability": 0.944682165980339
}