{
  "final_return_ma": 133.85000228881836,
  "strength": 111.99000358581543,
  "max_strength": 167.13999938964844,
  "final_strength": 148.88999938964844,
  "sample_efficiency": 0.000249528657150222,
  "training_efficiency": 6.3375389345310396e-06,
  "stability": 0.8045657631009817,
  "consistency": 0.22838854655888496
}