{
  "final_return_ma": 27.0,
  "strength": 5.1399993896484375,
  "max_strength": 21.139999389648438,
  "final_strength": -5.8600006103515625,
  "sample_efficiency": 0.0019687125459313393,
  "training_efficiency": 5.018594310968183e-05,
  "stability": 0.14425420761108398
}