{
  "final_return_ma": 16.5,
  "strength": -5.3600006103515625,
  "max_strength": 9.139999389648438,
  "final_strength": -11.860000610351562,
  "sample_efficiency": 0.0029532143380492926,
  "training_efficiency": 9.494207915849984e-05,
  "stability": 0.30522292852401733
}