{
  "final_return_ma": 24.274999618530273,
  "strength": 2.4149994254112244,
  "max_strength": 24.139999389648438,
  "final_strength": -2.8600006103515625,
  "sample_efficiency": 0.0065846575307659805,
  "training_efficiency": 0.00022930501199880382,
  "stability": -0.4179949015378952,
  "consistency": -7.985791315314268
}