{
  "final_return_ma": 9.0,
  "strength": -12.860000610351562,
  "max_strength": -12.860000610351562,
  "final_strength": -12.860000610351562,
  "sample_efficiency": 0.00017862103413790464,
  "training_efficiency": 4.495736448006937e-06,
  "stability": 1.0
}