{
  "final_return_ma": 128.60000610351562,
  "strength": 106.74000549316406,
  "max_strength": 157.13999938964844,
  "final_strength": 129.13999938964844,
  "sample_efficiency": 0.00022172344324644655,
  "training_efficiency": 5.619813691737363e-06,
  "stability": 0.8998145535588264
}