{
  "final_return_ma": 10.100000381469727,
  "strength": -11.760000228881836,
  "max_strength": -10.860000610351562,
  "final_strength": -11.860000610351562,
  "sample_efficiency": 0.00029255295521579683,
  "training_efficiency": 7.441279194608796e-06,
  "stability": 0.9905428411439061
}