{
  "final_return_ma": 9.699999809265137,
  "strength": -12.160000801086426,
  "max_strength": -10.860000610351562,
  "final_strength": -11.860000610351562,
  "sample_efficiency": 0.00030348869040608406,
  "training_efficiency": 7.72490329836728e-06,
  "stability": 0.9726626593619585
}