{
  "final_return_ma": 145.3000030517578,
  "strength": 123.44000244140625,
  "max_strength": 178.13999938964844,
  "final_strength": 112.13999938964844,
  "sample_efficiency": 0.00032773628481663764,
  "training_efficiency": 8.354933925147634e-06,
  "stability": 0.9162404462695122
}