{
  "final_return_ma": 62.900001525878906,
  "strength": 41.040000915527344,
  "max_strength": 92.13999938964844,
  "final_strength": 48.13999938964844,
  "sample_efficiency": 0.00021525197371374816,
  "training_efficiency": 5.442461770144291e-06,
  "stability": 0.677027553319931
}