{
  "final_return_ma": 148.1999969482422,
  "strength": 126.34000396728516,
  "max_strength": 178.13999938964844,
  "final_strength": 136.13999938964844,
  "sample_efficiency": 0.00021921204461250454,
  "training_efficiency": 5.542627604882e-06,
  "stability": 0.8749179393053055
}