{
  "final_return_ma": 138.6999969482422,
  "strength": 116.84000396728516,
  "max_strength": 178.13999938964844,
  "final_strength": -10.860000610351562,
  "sample_efficiency": 0.00026664644246920943,
  "training_efficiency": 6.7643477450474165e-06,
  "stability": 0.7489951252937317
}