{
  "final_return_ma": 72.0999984741211,
  "strength": 50.2400016784668,
  "max_strength": 107.13999938964844,
  "final_strength": 55.13999938964844,
  "sample_efficiency": 0.00031418976141139865,
  "training_efficiency": 7.984959665918723e-06,
  "stability": 0.4745785593986511
}