{
  "final_return_ma": 130.3000030517578,
  "strength": 108.44000244140625,
  "max_strength": 130.13999938964844,
  "final_strength": 112.13999938964844,
  "sample_efficiency": 0.0002517320972401649,
  "training_efficiency": 6.378504622261971e-06,
  "stability": 0.9794293716549873
}