{
  "final_return_ma": 95.5,
  "strength": 73.63999938964844,
  "max_strength": 178.13999938964844,
  "final_strength": 105.13999938964844,
  "sample_efficiency": 0.00029235336114652455,
  "training_efficiency": 7.4376539487275295e-06,
  "stability": 0.5897094905376434
}