{
  "final_return_ma": 94.4000015258789,
  "strength": 72.54000091552734,
  "max_strength": 178.13999938964844,
  "final_strength": 178.13999938964844,
  "sample_efficiency": 0.0001609354658285156,
  "training_efficiency": 4.056441866850946e-06,
  "stability": 0.8903629034757614
}