{
  "final_return_ma": 88.9000015258789,
  "strength": 67.04000091552734,
  "max_strength": 175.13999938964844,
  "final_strength": 94.13999938964844,
  "sample_efficiency": 0.00026894352049566805,
  "training_efficiency": 6.795246008550748e-06,
  "stability": 0.5557560920715332
}