{
  "final_return_ma": 115.25,
  "strength": 93.39000129699707,
  "max_strength": 178.13999938964844,
  "final_strength": 160.13999938964844,
  "sample_efficiency": 0.00019053470896324143,
  "training_efficiency": 4.8156300636037486e-06,
  "stability": 0.8195241261273623,
  "consistency": -0.06691208388879755
}