{
  "final_return_ma": 132.0,
  "strength": 110.13999938964844,
  "max_strength": 178.13999938964844,
  "final_strength": 88.13999938964844,
  "sample_efficiency": 0.0002770097635220736,
  "training_efficiency": 7.040594027785119e-06,
  "stability": 0.6743185520172119
}