{
  "final_return_ma": 107.89999866485596,
  "strength": 86.04000282287598,
  "max_strength": 157.38999938964844,
  "final_strength": 66.38999938964844,
  "sample_efficiency": 0.0003393686783965677,
  "training_efficiency": 8.644369472676772e-06,
  "stability": 0.6231313720345497,
  "consistency": -0.8311799122552264
}