{
  "final_return_ma": 10.149999856948853,
  "strength": -11.71000075340271,
  "max_strength": -10.860000610351562,
  "final_strength": -12.110000610351562,
  "sample_efficiency": 0.00029348557291086763,
  "training_efficiency": 7.466211854989524e-06,
  "stability": 0.976615637075156,
  "consistency": 1.147272260304764
}