{
  "final_return_ma": 138.0,
  "strength": 116.13999938964844,
  "max_strength": 178.13999938964844,
  "final_strength": 178.13999938964844,
  "sample_efficiency": 0.00016238997341133654,
  "training_efficiency": 4.0887712202675175e-06,
  "stability": 0.900331549346447
}