{
  "final_return_ma": 55.20000076293945,
  "strength": 33.340003967285156,
  "max_strength": 95.13999938964844,
  "final_strength": -6.8600006103515625,
  "sample_efficiency": 0.0005126275937072933,
  "training_efficiency": 1.3100777323415969e-05,
  "stability": 0.6532063782215118
}