{
  "final_return_ma": 106.0,
  "strength": 84.13999938964844,
  "max_strength": 178.13999938964844,
  "final_strength": 129.13999938964844,
  "sample_efficiency": 0.0001690669305389747,
  "training_efficiency": 4.252519829606172e-06,
  "stability": 0.7009519040584564
}