{
  "final_return_ma": 122.5999984741211,
  "strength": 100.74000549316406,
  "max_strength": 178.13999938964844,
  "final_strength": 155.13999938964844,
  "sample_efficiency": 0.0002697464660741389,
  "training_efficiency": 6.864787337690359e-06,
  "stability": 0.7864501476287842
}