{
  "final_return_ma": 142.1999969482422,
  "strength": 120.34000396728516,
  "max_strength": 178.13999938964844,
  "final_strength": 178.13999938964844,
  "sample_efficiency": 0.00028584731626324356,
  "training_efficiency": 7.274698873516172e-06,
  "stability": 0.5006144940853119
}