{
  "final_return_ma": 93.0,
  "strength": 71.13999938964844,
  "max_strength": 99.13999938964844,
  "final_strength": 97.13999938964844,
  "sample_efficiency": 0.0002562928420957178,
  "training_efficiency": 6.510600996989524e-06,
  "stability": 0.846970334649086
}