{
  "final_return_ma": 9.399999618530273,
  "strength": -12.460000991821289,
  "max_strength": -10.860000610351562,
  "final_strength": -12.860000610351562,
  "sample_efficiency": 0.0002795601903926581,
  "training_efficiency": 7.104606538632652e-06,
  "stability": 0.9821013081818819
}