{
  "final_return_ma": 9.875,
  "strength": -11.985000610351562,
  "max_strength": -11.360000610351562,
  "final_strength": -12.110000610351562,
  "sample_efficiency": 0.0002609077491797507,
  "training_efficiency": 6.622795353905531e-06,
  "stability": 0.993161037331447,
  "consistency": 1.1480120399654699
}