{
  "final_return_ma": 110.5,
  "strength": 88.63999938964844,
  "max_strength": 123.13999938964844,
  "final_strength": 105.13999938964844,
  "sample_efficiency": 0.00030751386657357216,
  "training_efficiency": 7.836500117264222e-06,
  "stability": 0.7900826930999756
}