{
  "final_return_ma": 79.19999694824219,
  "strength": 57.340003967285156,
  "max_strength": 97.13999938964844,
  "final_strength": 91.13999938964844,
  "sample_efficiency": 0.0002698311291169375,
  "training_efficiency": 6.84905444359174e-06,
  "stability": 0.6640816330909729
}