{
  "final_return_ma": 123.69999694824219,
  "strength": 101.84000396728516,
  "max_strength": 121.13999938964844,
  "final_strength": 103.13999938964844,
  "sample_efficiency": 0.00026783894281834364,
  "training_efficiency": 6.7986252361151855e-06,
  "stability": 0.972685357555747
}