{
  "0": {
    "final_return_ma": 136.10000228881836,
    "strength": 114.24000358581543,
    "max_strength": 169.88999938964844,
    "final_strength": 121.13999938964844,
    "sample_efficiency": 0.0002477988637110684,
    "training_efficiency": 6.2742431055085035e-06,
    "stability": 0.9145689327269793,
    "consistency": 0.5059235729159064,
    "agent.0.net.hid_layers": [
      32
    ]
  },
  "1": {
    "final_return_ma": 100.20000076293945,
    "strength": 78.34000205993652,
    "max_strength": 127.38999938964844,
    "final_strength": 112.13999938964844,
    "sample_efficiency": 0.00027663642322295345,
    "training_efficiency": 7.021380611149652e-06,
    "stability": 0.7127068396657705,
    "consistency": -0.3012829692285901,
    "agent.0.net.hid_layers": [
      64
    ]
  },
  "2": {
    "final_return_ma": 122.95000076293945,
    "strength": 101.09000396728516,
    "max_strength": 145.88999938964844,
    "final_strength": 119.88999938964844,
    "sample_efficiency": 0.00023509297534474172,
    "training_efficiency": 5.955245228506101e-06,
    "stability": 0.8907112930901349,
    "consistency": 0.11168938232230163,
    "agent.0.net.hid_layers": [
      32,
      16
    ]
  },
  "3": {
    "final_return_ma": 99.85000038146973,
    "strength": 77.9900016784668,
    "max_strength": 131.13999938964844,
    "final_strength": 82.63999938964844,
    "sample_efficiency": 0.00027632379351416603,
    "training_efficiency": 7.025463787613262e-06,
    "stability": 0.7784957252442837,
    "consistency": -0.169346688285273,
    "agent.0.net.hid_layers": [
      64,
      32
    ]
  }
}