{
  "final_return_ma": 100.69999694824219,
  "strength": 78.84000396728516,
  "max_strength": 103.13999938964844,
  "final_strength": 103.13999938964844,
  "sample_efficiency": 0.00025967921828851104,
  "training_efficiency": 6.583632966794539e-06,
  "stability": 0.8555292934179306
}