{
  "final_return_ma": 103.30000305175781,
  "strength": 81.44000244140625,
  "max_strength": 120.13999938964844,
  "final_strength": 109.13999938964844,
  "sample_efficiency": 0.0002850400924216956,
  "training_efficiency": 7.271415142895421e-06,
  "stability": 0.8199245631694794
}