{
  "final_return_ma": 136.10000228881836,
  "strength": 114.24000358581543,
  "max_strength": 169.88999938964844,
  "final_strength": 121.13999938964844,
  "sample_efficiency": 0.0002477988637110684,
  "training_efficiency": 6.2742431055085035e-06,
  "stability": 0.9145689327269793,
  "consistency": 0.5059235729159064
}