{
  "final_return_ma": 89.19999694824219,
  "strength": 67.34000396728516,
  "max_strength": 106.13999938964844,
  "final_strength": 104.13999938964844,
  "sample_efficiency": 0.00017258977459277958,
  "training_efficiency": 4.35428091805079e-06,
  "stability": 0.9437866695225239
}