{
  "final_return_ma": 113.19999694824219,
  "strength": 91.34000396728516,
  "max_strength": 145.13999938964844,
  "final_strength": 114.13999938964844,
  "sample_efficiency": 0.00021429800835903734,
  "training_efficiency": 5.419184617494466e-06,
  "stability": 0.9436979219317436
}