{
  "final_return_ma": 10.0,
  "strength": -11.860000610351562,
  "max_strength": -10.860000610351562,
  "final_strength": -12.860000610351562,
  "sample_efficiency": 0.0002847093855962157,
  "training_efficiency": 7.238370926643256e-06,
  "stability": 0.9621713645756245
}