{
  "final_return_ma": 84.9000015258789,
  "strength": 63.040000915527344,
  "max_strength": 178.13999938964844,
  "final_strength": 13.139999389648438,
  "sample_efficiency": 0.0002530619967728853,
  "training_efficiency": 6.410306923498865e-06,
  "stability": 0.6484463512897491
}