{
  "final_return_ma": 145.10000610351562,
  "strength": 123.24000549316406,
  "max_strength": 178.13999938964844,
  "final_strength": 126.13999938964844,
  "sample_efficiency": 0.00025048828683793545,
  "training_efficiency": 6.340349500533193e-06,
  "stability": 0.9267803207039833
}