{
  "final_return_ma": 153.60000610351562,
  "strength": 131.74000549316406,
  "max_strength": 178.13999938964844,
  "final_strength": 123.13999938964844,
  "sample_efficiency": 0.00028364438912831247,
  "training_efficiency": 7.196298611233942e-06,
  "stability": 0.9238021895289421
}