{
  "final_return_ma": 135.8000030517578,
  "strength": 113.94000244140625,
  "max_strength": 178.13999938964844,
  "final_strength": 178.13999938964844,
  "sample_efficiency": 0.00024223672517109662,
  "training_efficiency": 6.121355454524746e-06,
  "stability": 0.7628113180398941
}