{
  "final_return_ma": 105.30000305175781,
  "strength": 83.44000244140625,
  "max_strength": 178.13999938964844,
  "final_strength": 94.13999938964844,
  "sample_efficiency": 0.00025816544075496495,
  "training_efficiency": 6.542431492562173e-06,
  "stability": 0.7352281808853149
}