{
  "final_return_ma": 132.5,
  "strength": 110.63999938964844,
  "max_strength": 178.13999938964844,
  "final_strength": 121.13999938964844,
  "sample_efficiency": 0.00024276477051898837,
  "training_efficiency": 6.141139692772413e-06,
  "stability": 0.863995298743248
}