{
  "final_return_ma": 58.900001525878906,
  "strength": 37.040000915527344,
  "max_strength": 104.13999938964844,
  "final_strength": 64.13999938964844,
  "sample_efficiency": 0.0003523500054143369,
  "training_efficiency": 8.979197446024045e-06,
  "stability": 0.4677724838256836
}