{
  "final_return_ma": 173.60000610351562,
  "strength": 151.74000549316406,
  "max_strength": 178.13999938964844,
  "final_strength": 178.13999938964844,
  "sample_efficiency": 0.0002417777432128787,
  "training_efficiency": 6.125643267296255e-06,
  "stability": 0.9111449643969536
}