{
  "final_return_ma": 99.85000038146973,
  "strength": 77.9900016784668,
  "max_strength": 131.13999938964844,
  "final_strength": 82.63999938964844,
  "sample_efficiency": 0.00027632379351416603,
  "training_efficiency": 7.025463787613262e-06,
  "stability": 0.7784957252442837,
  "consistency": -0.169346688285273
}