{
  "final_return_ma": 126.9000015258789,
  "strength": 105.04000091552734,
  "max_strength": 130.13999938964844,
  "final_strength": 115.13999938964844,
  "sample_efficiency": 0.00024212783318944275,
  "training_efficiency": 6.135915100458078e-06,
  "stability": 0.9561619237065315
}